{
    "MR. P": {
        "win": 89,
        "loss": 53,
        "winrate": 0.6267605633802817
    },
    "DRACO": {
        "win": 137,
        "loss": 85,
        "winrate": 0.6171171171171171
    },
    "RUFFS": {
        "win": 28,
        "loss": 19,
        "winrate": 0.5957446808510638
    },
    "FRANK": {
        "win": 278,
        "loss": 196,
        "winrate": 0.5864978902953587
    },
    "8-BIT": {
        "win": 89,
        "loss": 64,
        "winrate": 0.5816993464052288
    },
    "SURGE": {
        "win": 129,
        "loss": 96,
        "winrate": 0.5733333333333334
    },
    "LARRY & LAWRIE": {
        "win": 91,
        "loss": 69,
        "winrate": 0.56875
    },
    "GROM": {
        "win": 81,
        "loss": 64,
        "winrate": 0.5586206896551724
    },
    "MEG": {
        "win": 81,
        "loss": 64,
        "winrate": 0.5586206896551724
    },
    "PEARL": {
        "win": 54,
        "loss": 43,
        "winrate": 0.5567010309278351
    },
    "PENNY": {
        "win": 52,
        "loss": 42,
        "winrate": 0.5531914893617021
    },
    "AMBER": {
        "win": 55,
        "loss": 45,
        "winrate": 0.55
    },
    "CHESTER": {
        "win": 122,
        "loss": 101,
        "winrate": 0.547085201793722
    },
    "EVE": {
        "win": 57,
        "loss": 48,
        "winrate": 0.5428571428571428
    },
    "BERRY": {
        "win": 70,
        "loss": 59,
        "winrate": 0.5426356589147286
    },
    "MELODIE": {
        "win": 62,
        "loss": 53,
        "winrate": 0.5391304347826087
    },
    "COLETTE": {
        "win": 112,
        "loss": 101,
        "winrate": 0.5258215962441315
    },
    "RICO": {
        "win": 275,
        "loss": 250,
        "winrate": 0.5238095238095238
    },
    "PAM": {
        "win": 33,
        "loss": 30,
        "winrate": 0.5238095238095238
    },
    "CHUCK": {
        "win": 50,
        "loss": 46,
        "winrate": 0.5208333333333334
    },
    "LILY": {
        "win": 159,
        "loss": 147,
        "winrate": 0.5196078431372549
    },
    "DARRYL": {
        "win": 54,
        "loss": 50,
        "winrate": 0.5192307692307693
    },
    "EL PRIMO": {
        "win": 119,
        "loss": 111,
        "winrate": 0.5173913043478261
    },
    "SHELLY": {
        "win": 89,
        "loss": 84,
        "winrate": 0.5144508670520231
    },
    "TICK": {
        "win": 200,
        "loss": 190,
        "winrate": 0.5128205128205128
    },
    "EMZ": {
        "win": 117,
        "loss": 112,
        "winrate": 0.5109170305676856
    },
    "R-T": {
        "win": 28,
        "loss": 27,
        "winrate": 0.509090909090909
    },
    "GALE": {
        "win": 92,
        "loss": 89,
        "winrate": 0.5082872928176796
    },
    "SQUEAK": {
        "win": 72,
        "loss": 70,
        "winrate": 0.5070422535211268
    },
    "EDGAR": {
        "win": 116,
        "loss": 113,
        "winrate": 0.5065502183406113
    },
    "LOU": {
        "win": 39,
        "loss": 38,
        "winrate": 0.5064935064935064
    },
    "NANI": {
        "win": 118,
        "loss": 115,
        "winrate": 0.5064377682403434
    },
    "MANDY": {
        "win": 173,
        "loss": 169,
        "winrate": 0.5058479532163743
    },
    "CROW": {
        "win": 150,
        "loss": 147,
        "winrate": 0.5050505050505051
    },
    "NITA": {
        "win": 107,
        "loss": 105,
        "winrate": 0.5047169811320755
    },
    "MICO": {
        "win": 110,
        "loss": 108,
        "winrate": 0.5045871559633027
    },
    "ANGELO": {
        "win": 157,
        "loss": 157,
        "winrate": 0.5
    },
    "BYRON": {
        "win": 149,
        "loss": 149,
        "winrate": 0.5
    },
    "DOUG": {
        "win": 54,
        "loss": 54,
        "winrate": 0.5
    },
    "SPIKE": {
        "win": 129,
        "loss": 129,
        "winrate": 0.5
    },
    "BELLE": {
        "win": 85,
        "loss": 86,
        "winrate": 0.49707602339181284
    },
    "SANDY": {
        "win": 81,
        "loss": 82,
        "winrate": 0.49693251533742333
    },
    "CHARLIE": {
        "win": 46,
        "loss": 47,
        "winrate": 0.4946236559139785
    },
    "FANG": {
        "win": 132,
        "loss": 135,
        "winrate": 0.4943820224719101
    },
    "ASH": {
        "win": 30,
        "loss": 31,
        "winrate": 0.4918032786885246
    },
    "GRAY": {
        "win": 48,
        "loss": 50,
        "winrate": 0.4897959183673469
    },
    "HANK": {
        "win": 23,
        "loss": 24,
        "winrate": 0.48936170212765956
    },
    "POCO": {
        "win": 109,
        "loss": 114,
        "winrate": 0.48878923766816146
    },
    "WILLOW": {
        "win": 57,
        "loss": 60,
        "winrate": 0.48717948717948717
    },
    "BIBI": {
        "win": 98,
        "loss": 104,
        "winrate": 0.48514851485148514
    },
    "PIPER": {
        "win": 290,
        "loss": 308,
        "winrate": 0.48494983277591974
    },
    "COLT": {
        "win": 221,
        "loss": 236,
        "winrate": 0.48358862144420134
    },
    "CORDELIUS": {
        "win": 71,
        "loss": 76,
        "winrate": 0.48299319727891155
    },
    "MAX": {
        "win": 65,
        "loss": 70,
        "winrate": 0.48148148148148145
    },
    "LEON": {
        "win": 117,
        "loss": 127,
        "winrate": 0.47950819672131145
    },
    "BONNIE": {
        "win": 46,
        "loss": 50,
        "winrate": 0.4791666666666667
    },
    "BO": {
        "win": 88,
        "loss": 96,
        "winrate": 0.4782608695652174
    },
    "GENE": {
        "win": 64,
        "loss": 70,
        "winrate": 0.47761194029850745
    },
    "BROCK": {
        "win": 202,
        "loss": 221,
        "winrate": 0.47754137115839246
    },
    "KIT": {
        "win": 72,
        "loss": 79,
        "winrate": 0.4768211920529801
    },
    "BUZZ": {
        "win": 83,
        "loss": 93,
        "winrate": 0.4715909090909091
    },
    "SPROUT": {
        "win": 62,
        "loss": 70,
        "winrate": 0.4696969696969697
    },
    "LOLA": {
        "win": 31,
        "loss": 35,
        "winrate": 0.4696969696969697
    },
    "BARLEY": {
        "win": 83,
        "loss": 94,
        "winrate": 0.4689265536723164
    },
    "JESSIE": {
        "win": 115,
        "loss": 137,
        "winrate": 0.45634920634920634
    },
    "DYNAMIKE": {
        "win": 228,
        "loss": 276,
        "winrate": 0.4523809523809524
    },
    "GRIFF": {
        "win": 52,
        "loss": 63,
        "winrate": 0.45217391304347826
    },
    "JACKY": {
        "win": 74,
        "loss": 91,
        "winrate": 0.4484848484848485
    },
    "CARL": {
        "win": 44,
        "loss": 55,
        "winrate": 0.4444444444444444
    },
    "MAISIE": {
        "win": 42,
        "loss": 53,
        "winrate": 0.4421052631578947
    },
    "TARA": {
        "win": 38,
        "loss": 48,
        "winrate": 0.4418604651162791
    },
    "MORTIS": {
        "win": 123,
        "loss": 164,
        "winrate": 0.42857142857142855
    },
    "BUSTER": {
        "win": 30,
        "loss": 40,
        "winrate": 0.42857142857142855
    },
    "BEA": {
        "win": 45,
        "loss": 61,
        "winrate": 0.42452830188679247
    },
    "OTIS": {
        "win": 16,
        "loss": 22,
        "winrate": 0.42105263157894735
    },
    "GUS": {
        "win": 28,
        "loss": 41,
        "winrate": 0.4057971014492754
    },
    "JANET": {
        "win": 15,
        "loss": 22,
        "winrate": 0.40540540540540543
    },
    "BULL": {
        "win": 50,
        "loss": 85,
        "winrate": 0.37037037037037035
    },
    "ROSA": {
        "win": 26,
        "loss": 47,
        "winrate": 0.3561643835616438
    },
    "SAM": {
        "win": 23,
        "loss": 42,
        "winrate": 0.35384615384615387
    },
    "STU": {
        "win": 31,
        "loss": 59,
        "winrate": 0.34444444444444444
    }
}