{
    "BUSTER": {
        "win": 21,
        "loss": 12,
        "winrate": 0.6363636363636364
    },
    "LOU": {
        "win": 19,
        "loss": 12,
        "winrate": 0.6129032258064516
    },
    "CHESTER": {
        "win": 42,
        "loss": 28,
        "winrate": 0.6
    },
    "BIBI": {
        "win": 138,
        "loss": 95,
        "winrate": 0.592274678111588
    },
    "JACKY": {
        "win": 93,
        "loss": 65,
        "winrate": 0.5886075949367089
    },
    "SPROUT": {
        "win": 20,
        "loss": 14,
        "winrate": 0.5882352941176471
    },
    "BO": {
        "win": 74,
        "loss": 53,
        "winrate": 0.5826771653543307
    },
    "SURGE": {
        "win": 99,
        "loss": 71,
        "winrate": 0.5823529411764706
    },
    "R-T": {
        "win": 8,
        "loss": 6,
        "winrate": 0.5714285714285714
    },
    "SANDY": {
        "win": 162,
        "loss": 122,
        "winrate": 0.5704225352112676
    },
    "MANDY": {
        "win": 37,
        "loss": 28,
        "winrate": 0.5692307692307692
    },
    "CHUCK": {
        "win": 26,
        "loss": 20,
        "winrate": 0.5652173913043478
    },
    "LARRY & LAWRIE": {
        "win": 58,
        "loss": 45,
        "winrate": 0.5631067961165048
    },
    "JESSIE": {
        "win": 201,
        "loss": 159,
        "winrate": 0.5583333333333333
    },
    "NITA": {
        "win": 131,
        "loss": 104,
        "winrate": 0.5574468085106383
    },
    "CORDELIUS": {
        "win": 49,
        "loss": 39,
        "winrate": 0.5568181818181818
    },
    "TICK": {
        "win": 86,
        "loss": 70,
        "winrate": 0.5512820512820513
    },
    "SAM": {
        "win": 23,
        "loss": 19,
        "winrate": 0.5476190476190477
    },
    "GALE": {
        "win": 67,
        "loss": 56,
        "winrate": 0.5447154471544715
    },
    "FRANK": {
        "win": 232,
        "loss": 194,
        "winrate": 0.5446009389671361
    },
    "MELODIE": {
        "win": 64,
        "loss": 55,
        "winrate": 0.5378151260504201
    },
    "BERRY": {
        "win": 87,
        "loss": 75,
        "winrate": 0.5370370370370371
    },
    "BELLE": {
        "win": 56,
        "loss": 49,
        "winrate": 0.5333333333333333
    },
    "TARA": {
        "win": 37,
        "loss": 33,
        "winrate": 0.5285714285714286
    },
    "PIPER": {
        "win": 214,
        "loss": 192,
        "winrate": 0.5270935960591133
    },
    "BYRON": {
        "win": 40,
        "loss": 36,
        "winrate": 0.5263157894736842
    },
    "LILY": {
        "win": 61,
        "loss": 56,
        "winrate": 0.5213675213675214
    },
    "ANGELO": {
        "win": 68,
        "loss": 63,
        "winrate": 0.5190839694656488
    },
    "STU": {
        "win": 43,
        "loss": 40,
        "winrate": 0.5180722891566265
    },
    "COLETTE": {
        "win": 101,
        "loss": 95,
        "winrate": 0.5153061224489796
    },
    "CHARLIE": {
        "win": 18,
        "loss": 17,
        "winrate": 0.5142857142857142
    },
    "EDGAR": {
        "win": 309,
        "loss": 292,
        "winrate": 0.5141430948419301
    },
    "MORTIS": {
        "win": 82,
        "loss": 78,
        "winrate": 0.5125
    },
    "LEON": {
        "win": 229,
        "loss": 219,
        "winrate": 0.5111607142857143
    },
    "MEG": {
        "win": 23,
        "loss": 22,
        "winrate": 0.5111111111111111
    },
    "SQUEAK": {
        "win": 28,
        "loss": 27,
        "winrate": 0.509090909090909
    },
    "RICO": {
        "win": 160,
        "loss": 156,
        "winrate": 0.5063291139240507
    },
    "COLT": {
        "win": 245,
        "loss": 243,
        "winrate": 0.5020491803278688
    },
    "BUZZ": {
        "win": 153,
        "loss": 152,
        "winrate": 0.5016393442622951
    },
    "DYNAMIKE": {
        "win": 267,
        "loss": 266,
        "winrate": 0.50093808630394
    },
    "FANG": {
        "win": 100,
        "loss": 100,
        "winrate": 0.5
    },
    "EVE": {
        "win": 9,
        "loss": 9,
        "winrate": 0.5
    },
    "DOUG": {
        "win": 16,
        "loss": 16,
        "winrate": 0.5
    },
    "PEARL": {
        "win": 18,
        "loss": 18,
        "winrate": 0.5
    },
    "EMZ": {
        "win": 135,
        "loss": 139,
        "winrate": 0.4927007299270073
    },
    "MAISIE": {
        "win": 37,
        "loss": 39,
        "winrate": 0.4868421052631579
    },
    "SPIKE": {
        "win": 143,
        "loss": 161,
        "winrate": 0.47039473684210525
    },
    "CROW": {
        "win": 160,
        "loss": 181,
        "winrate": 0.46920821114369504
    },
    "KIT": {
        "win": 21,
        "loss": 24,
        "winrate": 0.4666666666666667
    },
    "OTIS": {
        "win": 12,
        "loss": 14,
        "winrate": 0.46153846153846156
    },
    "BROCK": {
        "win": 127,
        "loss": 151,
        "winrate": 0.4568345323741007
    },
    "NANI": {
        "win": 31,
        "loss": 37,
        "winrate": 0.45588235294117646
    },
    "MAX": {
        "win": 55,
        "loss": 66,
        "winrate": 0.45454545454545453
    },
    "POCO": {
        "win": 30,
        "loss": 36,
        "winrate": 0.45454545454545453
    },
    "LOLA": {
        "win": 9,
        "loss": 11,
        "winrate": 0.45
    },
    "8-BIT": {
        "win": 38,
        "loss": 48,
        "winrate": 0.4418604651162791
    },
    "DRACO": {
        "win": 32,
        "loss": 41,
        "winrate": 0.4383561643835616
    },
    "AMBER": {
        "win": 23,
        "loss": 30,
        "winrate": 0.4339622641509434
    },
    "GROM": {
        "win": 23,
        "loss": 31,
        "winrate": 0.42592592592592593
    },
    "EL PRIMO": {
        "win": 65,
        "loss": 89,
        "winrate": 0.42207792207792205
    },
    "MICO": {
        "win": 29,
        "loss": 41,
        "winrate": 0.4142857142857143
    },
    "GENE": {
        "win": 32,
        "loss": 48,
        "winrate": 0.4
    },
    "GRIFF": {
        "win": 33,
        "loss": 51,
        "winrate": 0.39285714285714285
    },
    "BARLEY": {
        "win": 33,
        "loss": 51,
        "winrate": 0.39285714285714285
    },
    "PENNY": {
        "win": 22,
        "loss": 34,
        "winrate": 0.39285714285714285
    },
    "SHELLY": {
        "win": 59,
        "loss": 92,
        "winrate": 0.39072847682119205
    },
    "BULL": {
        "win": 24,
        "loss": 43,
        "winrate": 0.3582089552238806
    },
    "MR. P": {
        "win": 12,
        "loss": 23,
        "winrate": 0.34285714285714286
    },
    "GRAY": {
        "win": 17,
        "loss": 33,
        "winrate": 0.34
    },
    "WILLOW": {
        "win": 6,
        "loss": 12,
        "winrate": 0.3333333333333333
    },
    "ROSA": {
        "win": 12,
        "loss": 28,
        "winrate": 0.3
    },
    "DARRYL": {
        "win": 22,
        "loss": 52,
        "winrate": 0.2972972972972973
    },
    "BEA": {
        "win": 14,
        "loss": 34,
        "winrate": 0.2916666666666667
    },
    "ASH": {
        "win": 6,
        "loss": 16,
        "winrate": 0.2727272727272727
    },
    "CARL": {
        "win": 13,
        "loss": 35,
        "winrate": 0.2708333333333333
    },
    "GUS": {
        "win": 7,
        "loss": 24,
        "winrate": 0.22580645161290322
    },
    "JANET": {
        "win": 2,
        "loss": 7,
        "winrate": 0.2222222222222222
    },
    "BONNIE": {
        "win": 7,
        "loss": 25,
        "winrate": 0.21875
    },
    "PAM": {
        "win": 5,
        "loss": 19,
        "winrate": 0.20833333333333334
    },
    "HANK": {
        "win": 3,
        "loss": 21,
        "winrate": 0.125
    },
    "RUFFS": {
        "win": 0,
        "loss": 5,
        "winrate": 0.0
    }
}