{
    "DRACO": {
        "win": 150,
        "loss": 85,
        "winrate": 0.6382978723404256
    },
    "RUFFS": {
        "win": 26,
        "loss": 16,
        "winrate": 0.6190476190476191
    },
    "MR. P": {
        "win": 92,
        "loss": 62,
        "winrate": 0.5974025974025974
    },
    "LARRY & LAWRIE": {
        "win": 93,
        "loss": 64,
        "winrate": 0.5923566878980892
    },
    "SURGE": {
        "win": 131,
        "loss": 95,
        "winrate": 0.5796460176991151
    },
    "FRANK": {
        "win": 285,
        "loss": 210,
        "winrate": 0.5757575757575758
    },
    "MELODIE": {
        "win": 70,
        "loss": 52,
        "winrate": 0.5737704918032787
    },
    "GROM": {
        "win": 95,
        "loss": 71,
        "winrate": 0.572289156626506
    },
    "MICO": {
        "win": 133,
        "loss": 106,
        "winrate": 0.5564853556485355
    },
    "8-BIT": {
        "win": 84,
        "loss": 67,
        "winrate": 0.5562913907284768
    },
    "PEARL": {
        "win": 51,
        "loss": 41,
        "winrate": 0.5543478260869565
    },
    "MEG": {
        "win": 87,
        "loss": 70,
        "winrate": 0.554140127388535
    },
    "BERRY": {
        "win": 68,
        "loss": 57,
        "winrate": 0.544
    },
    "CHESTER": {
        "win": 125,
        "loss": 105,
        "winrate": 0.5434782608695652
    },
    "AMBER": {
        "win": 53,
        "loss": 45,
        "winrate": 0.5408163265306123
    },
    "GENE": {
        "win": 78,
        "loss": 69,
        "winrate": 0.5306122448979592
    },
    "BYRON": {
        "win": 175,
        "loss": 155,
        "winrate": 0.5303030303030303
    },
    "ANGELO": {
        "win": 209,
        "loss": 186,
        "winrate": 0.529113924050633
    },
    "DOUG": {
        "win": 65,
        "loss": 58,
        "winrate": 0.5284552845528455
    },
    "EDGAR": {
        "win": 131,
        "loss": 117,
        "winrate": 0.5282258064516129
    },
    "DARRYL": {
        "win": 57,
        "loss": 51,
        "winrate": 0.5277777777777778
    },
    "FANG": {
        "win": 163,
        "loss": 148,
        "winrate": 0.5241157556270096
    },
    "CHARLIE": {
        "win": 55,
        "loss": 50,
        "winrate": 0.5238095238095238
    },
    "EVE": {
        "win": 80,
        "loss": 73,
        "winrate": 0.5228758169934641
    },
    "LILY": {
        "win": 162,
        "loss": 149,
        "winrate": 0.5209003215434084
    },
    "RICO": {
        "win": 306,
        "loss": 283,
        "winrate": 0.5195246179966044
    },
    "PENNY": {
        "win": 51,
        "loss": 48,
        "winrate": 0.5151515151515151
    },
    "NANI": {
        "win": 129,
        "loss": 122,
        "winrate": 0.5139442231075697
    },
    "EL PRIMO": {
        "win": 127,
        "loss": 121,
        "winrate": 0.5120967741935484
    },
    "MAX": {
        "win": 70,
        "loss": 68,
        "winrate": 0.5072463768115942
    },
    "SANDY": {
        "win": 83,
        "loss": 81,
        "winrate": 0.5060975609756098
    },
    "TICK": {
        "win": 216,
        "loss": 213,
        "winrate": 0.5034965034965035
    },
    "CROW": {
        "win": 151,
        "loss": 149,
        "winrate": 0.5033333333333333
    },
    "BELLE": {
        "win": 97,
        "loss": 96,
        "winrate": 0.5025906735751295
    },
    "BONNIE": {
        "win": 48,
        "loss": 48,
        "winrate": 0.5
    },
    "CORDELIUS": {
        "win": 77,
        "loss": 77,
        "winrate": 0.5
    },
    "ASH": {
        "win": 29,
        "loss": 29,
        "winrate": 0.5
    },
    "GALE": {
        "win": 94,
        "loss": 95,
        "winrate": 0.4973544973544973
    },
    "NITA": {
        "win": 103,
        "loss": 106,
        "winrate": 0.49282296650717705
    },
    "PAM": {
        "win": 32,
        "loss": 33,
        "winrate": 0.49230769230769234
    },
    "SPIKE": {
        "win": 136,
        "loss": 141,
        "winrate": 0.49097472924187724
    },
    "CHUCK": {
        "win": 42,
        "loss": 44,
        "winrate": 0.4883720930232558
    },
    "SHELLY": {
        "win": 83,
        "loss": 87,
        "winrate": 0.48823529411764705
    },
    "BIBI": {
        "win": 101,
        "loss": 106,
        "winrate": 0.48792270531400966
    },
    "EMZ": {
        "win": 134,
        "loss": 141,
        "winrate": 0.48727272727272725
    },
    "COLETTE": {
        "win": 121,
        "loss": 128,
        "winrate": 0.4859437751004016
    },
    "BROCK": {
        "win": 221,
        "loss": 235,
        "winrate": 0.48464912280701755
    },
    "WILLOW": {
        "win": 55,
        "loss": 59,
        "winrate": 0.4824561403508772
    },
    "R-T": {
        "win": 26,
        "loss": 28,
        "winrate": 0.48148148148148145
    },
    "POCO": {
        "win": 113,
        "loss": 122,
        "winrate": 0.4808510638297872
    },
    "SQUEAK": {
        "win": 70,
        "loss": 76,
        "winrate": 0.4794520547945205
    },
    "LOLA": {
        "win": 34,
        "loss": 37,
        "winrate": 0.4788732394366197
    },
    "SPROUT": {
        "win": 67,
        "loss": 73,
        "winrate": 0.4785714285714286
    },
    "LEON": {
        "win": 120,
        "loss": 131,
        "winrate": 0.47808764940239046
    },
    "PIPER": {
        "win": 322,
        "loss": 352,
        "winrate": 0.47774480712166173
    },
    "KIT": {
        "win": 74,
        "loss": 81,
        "winrate": 0.4774193548387097
    },
    "MANDY": {
        "win": 176,
        "loss": 193,
        "winrate": 0.47696476964769646
    },
    "GRAY": {
        "win": 62,
        "loss": 68,
        "winrate": 0.47692307692307695
    },
    "LOU": {
        "win": 40,
        "loss": 44,
        "winrate": 0.47619047619047616
    },
    "MORTIS": {
        "win": 150,
        "loss": 167,
        "winrate": 0.47318611987381703
    },
    "HANK": {
        "win": 24,
        "loss": 27,
        "winrate": 0.47058823529411764
    },
    "COLT": {
        "win": 238,
        "loss": 271,
        "winrate": 0.4675834970530452
    },
    "JESSIE": {
        "win": 129,
        "loss": 147,
        "winrate": 0.4673913043478261
    },
    "JACKY": {
        "win": 83,
        "loss": 95,
        "winrate": 0.46629213483146065
    },
    "BARLEY": {
        "win": 83,
        "loss": 95,
        "winrate": 0.46629213483146065
    },
    "GRIFF": {
        "win": 54,
        "loss": 62,
        "winrate": 0.46551724137931033
    },
    "BO": {
        "win": 100,
        "loss": 117,
        "winrate": 0.4608294930875576
    },
    "BUZZ": {
        "win": 90,
        "loss": 107,
        "winrate": 0.45685279187817257
    },
    "MAISIE": {
        "win": 44,
        "loss": 53,
        "winrate": 0.4536082474226804
    },
    "DYNAMIKE": {
        "win": 243,
        "loss": 305,
        "winrate": 0.44343065693430656
    },
    "BEA": {
        "win": 50,
        "loss": 64,
        "winrate": 0.43859649122807015
    },
    "GUS": {
        "win": 31,
        "loss": 40,
        "winrate": 0.43661971830985913
    },
    "JANET": {
        "win": 14,
        "loss": 19,
        "winrate": 0.42424242424242425
    },
    "CARL": {
        "win": 46,
        "loss": 64,
        "winrate": 0.41818181818181815
    },
    "BUSTER": {
        "win": 33,
        "loss": 47,
        "winrate": 0.4125
    },
    "OTIS": {
        "win": 17,
        "loss": 25,
        "winrate": 0.40476190476190477
    },
    "TARA": {
        "win": 36,
        "loss": 57,
        "winrate": 0.3870967741935484
    },
    "BULL": {
        "win": 50,
        "loss": 81,
        "winrate": 0.3816793893129771
    },
    "STU": {
        "win": 34,
        "loss": 65,
        "winrate": 0.3434343434343434
    },
    "SAM": {
        "win": 22,
        "loss": 43,
        "winrate": 0.3384615384615385
    },
    "ROSA": {
        "win": 27,
        "loss": 53,